deposit,1,BASE,true
deposit,2,c21,false
deposit,3,c22,false
deposit,4,c23,false
deposit,5,c24,false
deposit,6,c25,false
deposit,7,c26,false
deposit,8,c27,false
deposit,9,c28,false
deposit,10,c29,false
deposit,11,c30,false
deposit,12,c33,false
deposit,13,c33,false
deposit,14,c34,false
deposit,15,c35,false
deposit,16,d1,false
deposit,17,d2,false
deposit,18,d3,false
section,1,A1,1
section,2,A2,1
section,3,A3,1
section,4,A4,1
section,5,A5,1
section,6,A6,1
section,7,A7,1
section,8,A8,1
section,9,A9,1
section,10,A10,1
section,11,A11,1
section,12,b1,1
section,13,b2,1
section,14,b3,1
section,15,b4,1
section,16,b5,1
section,17,b6,1
section,18,b7,1
section,19,b8,1
section,20,b9,1
section,21,b10,1
section,22,b11,1
section,23,b12,1
section,24,b13,1
section,25,b14,1
section,26,b15,1
section,27,b16,1
section,28,b17,1
section,29,b18,1
section,30,b19,1
section,31,b20,1
section,32,b21,1
section,33,b22,1
section,34,b23,1
section,35,b24,1
section,36,b25,1
section,37,b26,1
section,38,b27,1
section,39,b28,1
section,40,b29,1
section,41,b30,1
section,42,c1,1
section,43,c2,1
section,44,c3,1
section,45,c4,1
section,46,c5,1
section,47,c6,1
section,48,c7,1
section,49,c8,1
section,50,c9,1
section,51,c10,1
section,52,c11,1
section,53,c12,1
section,54,c13,1
section,55,c14,1
section,56,c15,1
section,57,c16,1
section,58,c17,1
section,59,c18,1
section,60,c19,1
section,61,c20,1
section,62,c21,1
section,63,c22,1
section,64,c23,1
section,65,c24,1
section,66,c25,1
section,67,c26,1
section,68,c27,1
section,69,c28,1
section,70,c29,1
section,71,c30,1
section,72,c33,1
section,73,c34,1
section,74,c35,1
section,75,d1,1
section,76,d2,1
section,77,d3,1
section,78,d4,1
section,79,d5,1
section,80,d6,1
section,81,d7,1
section,82,d8,1
section,83,d9,1
section,84,d10,1
section,85,d11,1
section,86,d12,1
section,87,d13,1
section,88,d14,1
section,89,d15,1
section,90,d16,1
section,91,d17,1
section,92,d18,1
section,93,d19,1
section,94,d20,1
section,95,d21,1
section,96,d22,1
section,97,d23,1
section,98,d24,1
section,99,d25,1
section,100,d26,1
section,101,d27,1
product,1,545-81,N/A,N/A,12
product,2,hs-142,N/A,N/A,12
product,3,724-2,N/A,N/A,12
product,4,12x-2,N/A,N/A,12
product,5,h218,N/A,N/A,12
product,6,11j-1,N/A,N/A,12
product,7,h258,N/A,N/A,12
product,8,jm918-59,N/A,N/A,12
product,9,jm598-99,N/A,N/A,12
product,10,jm598-99,N/A,N/A,12
product,11,jm598-5,N/A,N/A,12
product,12,629-4,N/A,N/A,12
product,13,1029-2,N/A,N/A,12
product,14,208-3,N/A,N/A,12
product,15,a0-2003,N/A,N/A,12
product,16,xzy731-1,N/A,N/A,12
product,17,jm3502-72,N/A,N/A,12
product,18,1800-5,N/A,N/A,12
product,19,1800-5,N/A,N/A,12
product,20,l300-8,N/A,N/A,13
product,21,b-118,N/A,N/A,13
product,22,9010-1,N/A,N/A,13
product,23,1869,N/A,N/A,13
product,24,ylr33,N/A,N/A,13
product,25,hs25-78,N/A,N/A,13
product,26,235-8,N/A,N/A,13
product,27,m333-2,N/A,N/A,13
product,28,lz1456,N/A,N/A,13
product,29,2023-5,N/A,N/A,13
product,30,p-a390,N/A,N/A,13
product,31,629-4,N/A,N/A,13
product,32,d225-15,N/A,N/A,13
product,33,2901-36,N/A,N/A,13
product,34,b1010,N/A,N/A,13
product,35,c1010,N/A,N/A,13
product,36,1628-11,N/A,N/A,13
product,37,629-43,N/A,N/A,13
product,38,l24-10,N/A,N/A,13
product,39,3123-9,N/A,N/A,13
product,40,h205,N/A,N/A,13
product,41,dlb2026-2,N/A,N/A,14
product,42,1748-34,N/A,N/A,14
product,43,2218-46,N/A,N/A,14
product,44,2218-46,N/A,N/A,14
product,45,5819-66,N/A,N/A,14
product,46,9310-229,N/A,N/A,14
product,47,hs-18,N/A,N/A,14
product,48,h216,N/A,N/A,14
product,49,a2210,N/A,N/A,14
product,50,m1335d,N/A,N/A,14
product,51,hs-137,N/A,N/A,14
product,52,hs-1218,N/A,N/A,14
product,53,629-5,N/A,N/A,14
product,54,5603,N/A,N/A,14
product,55,s8106,N/A,N/A,14
product,56,1628-168,N/A,N/A,14
product,57,1984-26,N/A,N/A,14
product,58,629-5,N/A,N/A,17
product,59,629-62,N/A,N/A,17
product,60,629-1,N/A,N/A,17
product,61,629-59,N/A,N/A,17
product,62,629-4,N/A,N/A,17
product,63,h241,N/A,N/A,17
product,64,jm2206-104,N/A,N/A,17
product,65,hs6-25,N/A,N/A,17
product,66,2101-15,N/A,N/A,17
product,67,311-l8,N/A,N/A,17
product,68,ao-3305,N/A,N/A,17
product,69,301-3,N/A,N/A,17
product,70,981-1,N/A,N/A,17
product,71,bl-hs1,N/A,N/A,17
product,72,929-2,N/A,N/A,17
product,73,750-1,N/A,N/A,17
product,74,yd1,N/A,N/A,16
product,75,22113-42,N/A,N/A,16
product,76,22113-42,N/A,N/A,16
product,77,8832q-20,N/A,N/A,16
product,78,hc2313-3,N/A,N/A,16
product,79,w01462,N/A,N/A,16
product,80,888-152,N/A,N/A,16
product,81,888-152,N/A,N/A,16
product,82,5101-17,N/A,N/A,16
product,83,5101-88,N/A,N/A,16
product,84,hs25-77,N/A,N/A,16
product,85,hs25-71,N/A,N/A,16
product,86,q-106,N/A,N/A,16
product,87,80568-6,N/A,N/A,16
product,88,hhss-11,N/A,N/A,16
product,89,hs-9l,N/A,N/A,16
product,90,hs-9m,N/A,N/A,16
product,91,629-3,N/A,N/A,16
product,92,1628-4,N/A,N/A,16
product,93,f6502,N/A,N/A,16
product,94,f6502,N/A,N/A,15
product,95,126-25,N/A,N/A,15
product,96,s2662,N/A,N/A,15
product,97,s2663,N/A,N/A,15
product,98,629-47,N/A,N/A,15
product,99,629-47,N/A,N/A,15
product,100,f662,N/A,N/A,15
product,101,1633,N/A,N/A,15
product,102,1800-33,N/A,N/A,15
product,103,1800-39,N/A,N/A,15
product,104,5677-22,N/A,N/A,15
product,105,jm6088-911,N/A,N/A,15
product,106,1926q-318a,N/A,N/A,15
product,107,5677-22,N/A,N/A,15
product,108,6628-32,N/A,N/A,15
product,109,hs-139,N/A,N/A,15
product,110,jm3608-3,N/A,N/A,15
product,111,hs26-17,N/A,N/A,15
product,112,769-x,N/A,N/A,15
product,113,545-120,N/A,N/A,15
product,114,xz-81h,N/A,N/A,15
product,115,25313-4,N/A,N/A,18
product,116,1457-8,N/A,N/A,18
product,117,0137-3,N/A,N/A,18
product,118,jm3505-d,N/A,N/A,18
product,119,3501-16,N/A,N/A,18
product,120,5101-87,N/A,N/A,18
product,121,3501-16,N/A,N/A,18
product,122,615-25,N/A,N/A,18
product,123,a0-2008,N/A,N/A,18
product,124,f1359,N/A,N/A,18
product,125,318-n906,N/A,N/A,18
product,126,kl7823,N/A,N/A,18
product,127,kl7823,N/A,N/A,18
product,128,629-3,N/A,N/A,18
product,129,x3365,N/A,N/A,18
product,130,1628-4,N/A,N/A,18
product,131,h242,N/A,N/A,18
product,132,w01661,N/A,N/A,18
product,133,w01661,N/A,N/A,18
product,134,0049-44,N/A,N/A,18
product,135,368-2,N/A,N/A,18
product,136,368-2,N/A,N/A,18
product,137,519-3,N/A,N/A,19
product,138,jm3502-10,N/A,N/A,19
product,139,1029-1a,N/A,N/A,19
product,140,hs-143,N/A,N/A,19
product,141,f1366,N/A,N/A,19
product,142,d225-16,N/A,N/A,19
product,143,6195-8,N/A,N/A,19
product,144,1709-2,N/A,N/A,19
product,145,1249-1,N/A,N/A,19
product,146,m215-7b,N/A,N/A,19
product,147,2777-139,N/A,N/A,19
product,148,w18,N/A,N/A,19
product,149,bl-hs13,N/A,N/A,19
product,150,hs25-18,N/A,N/A,19
product,151,117-2,N/A,N/A,19
product,152,m-810,N/A,N/A,19
product,153,w01462,N/A,N/A,16
product,154,555-108,N/A,N/A,18
product,155,dn-6,N/A,N/A,20
product,156,1926q-343,N/A,N/A,20
product,157,666-1,N/A,N/A,20
product,158,2457-18,N/A,N/A,20
product,159,ao-3305,N/A,N/A,20
product,160,y84,N/A,N/A,20
product,161,523-9,N/A,N/A,20
product,162,h217,N/A,N/A,20
product,163,jm3608-7,N/A,N/A,20
product,164,h219,N/A,N/A,20
product,165,h219,N/A,N/A,20
product,166,615-11,N/A,N/A,20
product,167,hs-93,N/A,N/A,20
product,168,629-10,N/A,N/A,20
product,169,hs-18,N/A,N/A,20
product,170,j-206,N/A,N/A,20
product,171,555-57,N/A,N/A,23
product,172,s2661,N/A,N/A,23
product,173,629-3,N/A,N/A,23
product,174,629-61,N/A,N/A,23
product,175,629-16,N/A,N/A,23
product,176,6018-57,N/A,N/A,23
product,177,hs25-59,N/A,N/A,23
product,178,hs25-59,N/A,N/A,23
product,179,hs25-11,N/A,N/A,23
product,180,s53,N/A,N/A,23
product,181,168-103,N/A,N/A,23
product,182,jm598-7,N/A,N/A,23
product,183,hs25-88,N/A,N/A,23
product,184,dn616-42,N/A,N/A,23
product,185,25313-3,N/A,N/A,23
product,186,1638q-120,N/A,N/A,23
product,187,609-5,N/A,N/A,22
product,188,yl1603,N/A,N/A,22
product,189,yl1603,N/A,N/A,22
product,190,jm3505-1,N/A,N/A,22
product,191,h235,N/A,N/A,22
product,192,f1339,N/A,N/A,22
product,193,62713-2,N/A,N/A,22
product,194,3123-8c,N/A,N/A,22
product,195,511-8,N/A,N/A,22
product,196,300-7b,N/A,N/A,22
product,197,g300-8a,N/A,N/A,22
product,198,y701-3,N/A,N/A,22
product,199,hs-1219,N/A,N/A,22
product,200,g300-8b,N/A,N/A,22
product,201,g300-8a,N/A,N/A,22
product,202,mh042,N/A,N/A,21
product,203,yxs-11,N/A,N/A,21
product,204,c825-1,N/A,N/A,21
product,205,1300-3,N/A,N/A,21
product,206,jm3502-10,N/A,N/A,21
product,207,jm2206-95,N/A,N/A,21
product,208,311-l5,N/A,N/A,21
product,209,h-10,N/A,N/A,21
product,210,1800-13,N/A,N/A,21
product,211,9310-151,N/A,N/A,21
product,212,hs-95,N/A,N/A,21
product,213,m1609,N/A,N/A,21
product,214,y1348,N/A,N/A,21
product,215,d32-92,N/A,N/A,21
product,216,h264,N/A,N/A,21
product,217,168-112,N/A,N/A,21
product,218,s20,N/A,N/A,21
product,219,dn3023-21,N/A,N/A,21
product,220,ysd-fx1,N/A,N/A,21
product,221,yzl5002,N/A,N/A,24
product,222,2576-12,N/A,N/A,24
product,223,1445-2,N/A,N/A,24
product,224,134-1,N/A,N/A,24
product,225,80008-12,N/A,N/A,24
product,226,3310-7,N/A,N/A,24
product,227,3310-3,N/A,N/A,24
product,228,3310-7,N/A,N/A,24
product,229,362-10,N/A,N/A,24
product,230,3611-5,N/A,N/A,24
product,231,xy-42,N/A,N/A,24
product,232,m1352,N/A,N/A,24
product,233,f1500,N/A,N/A,24
product,234,696-2,N/A,N/A,24
product,235,3123-1,N/A,N/A,24
product,236,jm3502-101,N/A,N/A,24
product,237,1800-78,N/A,N/A,24
product,238,629-54,N/A,N/A,24
product,239,678-l3,N/A,N/A,24
product,240,m1335,N/A,N/A,25
product,241,bl-hs5,N/A,N/A,25
product,242,h2631,N/A,N/A,25
product,243,629-54,N/A,N/A,25
product,244,3628-8b,N/A,N/A,25
product,245,hs25-23,N/A,N/A,25
product,246,hs25-36,N/A,N/A,25
product,247,hs-117,N/A,N/A,25
product,248,hs26-45,N/A,N/A,25
product,249,a2208,N/A,N/A,25
product,250,5410-3,N/A,N/A,25
product,251,6189-11,N/A,N/A,25
product,252,8326-107,N/A,N/A,25
product,253,dlb9140-21,N/A,N/A,25
product,254,dlb9140-21,N/A,N/A,25
product,255,25313-10,N/A,N/A,25
product,256,t331-2,N/A,N/A,26
product,257,130-9,N/A,N/A,26
product,258,h-8,N/A,N/A,26
product,259,06h-2,N/A,N/A,26
product,260,2377-1,N/A,N/A,26
product,261,4778-b,N/A,N/A,26
product,262,9049-116,N/A,N/A,26
product,263,609-2,N/A,N/A,26
product,264,5101-58,N/A,N/A,26
product,265,hs25-53,N/A,N/A,26
product,266,8-410-1,N/A,N/A,26
product,267,hs-030,N/A,N/A,26
product,268,812-2,N/A,N/A,26
product,269,629-37,N/A,N/A,26
product,270,629-23,N/A,N/A,26
product,271,bl-hs4,N/A,N/A,29
product,272,9087-4,N/A,N/A,29
product,273,5873-165,N/A,N/A,29
product,274,mt368-1,N/A,N/A,29
product,275,319-x1,N/A,N/A,29
product,276,1800-43,N/A,N/A,29
product,277,519-39,N/A,N/A,29
product,278,hs-160,N/A,N/A,29
product,279,m1350,N/A,N/A,29
product,280,3915-3,N/A,N/A,29
product,281,hs-21,N/A,N/A,29
product,282,1445-4,N/A,N/A,29
product,283,01t-1,N/A,N/A,29
product,284,s3,N/A,N/A,29
product,285,331-a,N/A,N/A,28
product,286,05h-2,N/A,N/A,28
product,287,6692-4,N/A,N/A,28
product,288,7968-5,N/A,N/A,28
product,289,h260,N/A,N/A,28
product,290,6-521-1,N/A,N/A,28
product,291,hs6-16,N/A,N/A,28
product,292,hs25-65,N/A,N/A,28
product,293,h257,N/A,N/A,28
product,294,f1113,N/A,N/A,28
product,295,298-3,N/A,N/A,28
product,296,hs2024-1,N/A,N/A,28
product,297,hs2024-1,N/A,N/A,28
product,298,ya-56,N/A,N/A,28
product,299,456-100,N/A,N/A,28
product,300,ya-56,N/A,N/A,28
product,301,5003-22,N/A,N/A,28
product,302,456-9,N/A,N/A,28
product,303,hs-20,N/A,N/A,28
product,304,jm3502-79,N/A,N/A,28
product,305,hs-20,N/A,N/A,28
product,306,1320-2,N/A,N/A,27
product,307,hs26-11,N/A,N/A,27
product,308,2-608-3,N/A,N/A,27
product,309,333-8,N/A,N/A,27
product,310,629-48,N/A,N/A,27
product,311,y102,N/A,N/A,27
product,312,azb01,N/A,N/A,27
product,313,q8-8724-2,N/A,N/A,27
product,314,uc-21,N/A,N/A,27
product,315,629-41,N/A,N/A,27
product,316,f1385,N/A,N/A,27
product,317,m1168,N/A,N/A,27
product,318,hs25-61,N/A,N/A,27
product,319,hs25-49,N/A,N/A,27
product,320,268-3,N/A,N/A,27
product,321,hs6-16,N/A,N/A,27
product,322,hs25-10,N/A,N/A,27
product,323,2218-32,N/A,N/A,27
product,324,zc3-3,N/A,N/A,27
product,325,g1450,N/A,N/A,27
product,326,ky5,N/A,N/A,27
product,327,1003-2,N/A,N/A,30
product,328,5180-2,N/A,N/A,30
product,329,6320-2b,N/A,N/A,30
product,330,3210-1,N/A,N/A,30
product,331,6686-s1,N/A,N/A,30
product,332,6929-f6,N/A,N/A,30
product,333,m1322,N/A,N/A,30
product,334,22003-7,N/A,N/A,30
product,335,m1322,N/A,N/A,30
product,336,629-25,N/A,N/A,30
product,337,629-24,N/A,N/A,30
product,338,629-26,N/A,N/A,30
product,339,1007-38,N/A,N/A,30
product,340,88-11-1,N/A,N/A,30
product,341,85431-100,N/A,N/A,31
product,342,629-23,N/A,N/A,31
product,343,629-40,N/A,N/A,31
product,344,629-25,N/A,N/A,31
product,345,325-f1,N/A,N/A,31
product,346,hs-138,N/A,N/A,31
product,347,hs-138,N/A,N/A,31
product,348,208-3-1,N/A,N/A,31
product,349,f1263,N/A,N/A,31
product,350,615-19,N/A,N/A,31
product,351,615-19,N/A,N/A,31
product,352,2001-33,N/A,N/A,31
product,353,yc132,N/A,N/A,31
product,354,05h-1,N/A,N/A,31
product,355,sl-d89,N/A,N/A,31
product,356,1029-8,N/A,N/A,32
product,357,hs-163,N/A,N/A,32
product,358,n-106,N/A,N/A,32
product,359,1229-1077,N/A,N/A,32
product,360,2201-38,N/A,N/A,32
product,361,m1350,N/A,N/A,32
product,362,m1510,N/A,N/A,32
product,363,zl3552,N/A,N/A,32
product,364,hs-161,N/A,N/A,32
product,365,a0-2016,N/A,N/A,32
product,366,629-65,N/A,N/A,32
product,367,629-46,N/A,N/A,32
product,368,201-1,N/A,N/A,32
product,369,dn-5,N/A,N/A,35
product,370,331-c,N/A,N/A,35
product,371,629-22,N/A,N/A,35
product,372,629-28,N/A,N/A,35
product,373,629-39,N/A,N/A,35
product,374,700-38,N/A,N/A,35
product,375,5003-21,N/A,N/A,35
product,376,s8,N/A,N/A,35
product,377,s8,N/A,N/A,35
product,378,2256-8,N/A,N/A,35
product,379,s52,N/A,N/A,35
product,380,f5337,N/A,N/A,35
product,381,f5337,N/A,N/A,35
product,382,m1193,N/A,N/A,35
product,383,f1323,N/A,N/A,35
product,384,hs-78,N/A,N/A,35
product,385,sr6313,N/A,N/A,35
product,386,9351-2,N/A,N/A,35
product,387,130-8,N/A,N/A,34
product,388,hs6-14,N/A,N/A,34
product,389,hs26-32,N/A,N/A,34
product,390,hs6-12,N/A,N/A,34
product,391,zl3263,N/A,N/A,34
product,392,zl3263,N/A,N/A,34
product,393,m1608,N/A,N/A,34
product,394,6-1209-2,N/A,N/A,34
product,395,1029-11,N/A,N/A,34
product,396,1029-1,N/A,N/A,34
product,397,1800-76,N/A,N/A,34
product,398,2137-5,N/A,N/A,34
product,399,k-281,N/A,N/A,34
product,400,cw607-2,N/A,N/A,33
product,401,629-27,N/A,N/A,33
product,402,629-29,N/A,N/A,33
product,403,456-100,N/A,N/A,33
product,404,6018-59,N/A,N/A,33
product,405,555-111,N/A,N/A,33
product,406,555-104,N/A,N/A,33
product,407,311-l10,N/A,N/A,33
product,408,h568-1,N/A,N/A,33
product,409,731-2,N/A,N/A,33
product,410,p-n904,N/A,N/A,33
product,411,629-63,N/A,N/A,33
product,412,m1556,N/A,N/A,33
product,413,615-63,N/A,N/A,33
product,414,a0-2001,N/A,N/A,33
product,415,h251,N/A,N/A,33
product,416,2722-z3,N/A,N/A,33
product,417,2777-z3,N/A,N/A,33
product,418,h261,N/A,N/A,33
product,419,1398-302,N/A,N/A,33
product,420,k-265,N/A,N/A,33
product,421,251-7,N/A,N/A,33
product,422,769-9c,N/A,N/A,33
product,423,hs25-28,N/A,N/A,33
product,424,q-38,N/A,N/A,39
product,425,q-332,N/A,N/A,39
product,426,160-8,N/A,N/A,39
product,427,f660,N/A,N/A,39
product,428,jm3502-58,N/A,N/A,39
product,429,tf9015,N/A,N/A,39
product,430,c219-15,N/A,N/A,39
product,431,569-1,N/A,N/A,39
product,432,1800-58,N/A,N/A,39
product,433,1800-46,N/A,N/A,39
product,434,1800-55,N/A,N/A,39
product,435,hs25-67,N/A,N/A,39
product,436,2-320-1,N/A,N/A,39
product,437,lyz5001,N/A,N/A,39
product,438,1029-20,N/A,N/A,39
product,439,h244,N/A,N/A,39
product,440,9-611-4,N/A,N/A,39
product,441,25313-1,N/A,N/A,40
product,442,1800-76,N/A,N/A,40
product,443,r-2,N/A,N/A,40
product,444,s21,N/A,N/A,40
product,445,5410-2,N/A,N/A,40
product,446,hs-132,N/A,N/A,40
product,447,1800-76,N/A,N/A,40
product,448,6929-s1,N/A,N/A,40
product,449,53-529-1,N/A,N/A,40
product,450,hs25-90,N/A,N/A,40
product,451,jm564,N/A,N/A,40
product,452,hs25-39,N/A,N/A,40
product,453,2845,N/A,N/A,40
product,454,s2666,N/A,N/A,40
product,455,f660,N/A,N/A,40
product,456,222-2,N/A,N/A,40
product,457,998-2,N/A,N/A,40
product,458,2093-191,N/A,N/A,40
product,459,3956-959,N/A,N/A,40
product,460,1800-74,N/A,N/A,40
product,461,72895-1,N/A,N/A,40
product,462,1800-40,N/A,N/A,40
product,463,hs-123,N/A,N/A,40
product,464,t8471-101,N/A,N/A,40
product,465,160-7,N/A,N/A,40
product,466,160-8,N/A,N/A,40
product,467,2457-166,N/A,N/A,40
product,468,1457-21,N/A,N/A,41
product,469,1-4,N/A,N/A,41
product,470,1-9,N/A,N/A,41
product,471,368-3,N/A,N/A,41
product,472,1800-42,N/A,N/A,41
product,473,1800-19,N/A,N/A,41
product,474,a2310-4,N/A,N/A,41
product,475,7963-262,N/A,N/A,41
product,476,hs25-86,N/A,N/A,41
product,477,877,N/A,N/A,41
product,478,731-189,N/A,N/A,41
product,479,m333-3,N/A,N/A,41
product,480,m333-3,N/A,N/A,41
product,481,826-4,N/A,N/A,41
product,482,2777q-136,N/A,N/A,41
product,483,lz1146,N/A,N/A,41
product,484,7479q-35,N/A,N/A,41
product,485,7479q-35,N/A,N/A,41
product,486,xy-43,N/A,N/A,41
product,487,79112-fx1,N/A,N/A,38
product,488,79112-fx1,N/A,N/A,38
product,489,lb9140-12,N/A,N/A,38
product,490,888-10a,N/A,N/A,38
product,491,98-539,N/A,N/A,38
product,492,2093-23,N/A,N/A,38
product,493,b8032,N/A,N/A,38
product,494,b6013,N/A,N/A,38
product,495,b6013,N/A,N/A,38
product,496,b8053,N/A,N/A,38
product,497,a0-2018,N/A,N/A,38
product,498,a0-2023,N/A,N/A,38
product,499,325-303,N/A,N/A,38
product,500,hs-4,N/A,N/A,38
product,501,1108-23,N/A,N/A,38
product,502,1127-m1,N/A,N/A,38
product,503,700-51,N/A,N/A,38
product,504,hs-4,N/A,N/A,38
product,505,629-59,N/A,N/A,38
product,506,629-59,N/A,N/A,38
product,507,1865,N/A,N/A,38
product,508,2557-f,N/A,N/A,38
product,509,629-58,N/A,N/A,37
product,510,629-57,N/A,N/A,37
product,511,s1006,N/A,N/A,37
product,512,725-16,N/A,N/A,37
product,513,1300-6,N/A,N/A,37
product,514,1457-51,N/A,N/A,37
product,515,h568-3,N/A,N/A,37
product,516,hs-146,N/A,N/A,37
product,517,3409-5-5,N/A,N/A,37
product,518,c1006,N/A,N/A,37
product,519,b005,N/A,N/A,37
product,520,b005,N/A,N/A,37
product,521,h249,N/A,N/A,37
product,522,9-811-1,N/A,N/A,37
product,523,65130-1,N/A,N/A,37
product,524,jm880-7,N/A,N/A,37
product,525,752-20,N/A,N/A,37
product,526,568-11,N/A,N/A,37
product,527,y750-s2,N/A,N/A,37
product,528,n-105,N/A,N/A,36
product,529,0325-44,N/A,N/A,36
product,530,1871,N/A,N/A,36
product,531,9310-205,N/A,N/A,36
product,532,6686-15q,N/A,N/A,36
product,533,617-3,N/A,N/A,36
product,534,jm880-8,N/A,N/A,36
product,535,617-3,N/A,N/A,36
product,536,7677-2,N/A,N/A,36
product,537,8111-92,N/A,N/A,36
product,538,f1323,N/A,N/A,36
product,539,b558,N/A,N/A,36
product,540,c6601,N/A,N/A,36
product,541,b6601,N/A,N/A,36
product,542,c558,N/A,N/A,36
product,543,a0-2019,N/A,N/A,36
product,544,a0-2009,N/A,N/A,36
product,545,s2670,N/A,N/A,36
product,546,hs25-27,N/A,N/A,36
product,547,325-305,N/A,N/A,36
product,548,998-1,N/A,N/A,36
product,549,629-42,N/A,N/A,36
product,550,8310-e1,N/A,N/A,36
product,551,03m-1,N/A,N/A,9
product,552,666-5,N/A,N/A,9
product,553,hhss-12,N/A,N/A,9
product,554,c312a,N/A,N/A,9
product,555,2523-902,N/A,N/A,9
product,556,hs-141,N/A,N/A,9
product,557,670,N/A,N/A,9
product,558,6929-51,N/A,N/A,9
product,559,311-l11,N/A,N/A,9
product,560,1204-6,N/A,N/A,10
product,561,hs2026-1,N/A,N/A,10
product,562,hs2026-23,N/A,N/A,10
product,563,3123-23,N/A,N/A,10
product,564,666-6,N/A,N/A,10
product,565,1457-16,N/A,N/A,10
product,566,01x-1,N/A,N/A,10
product,567,q-27,N/A,N/A,10
product,568,h256,N/A,N/A,10
product,569,jm880-2,N/A,N/A,10
product,570,871,N/A,N/A,11
product,571,90-70,N/A,N/A,11
product,572,90-79,N/A,N/A,11
product,573,90-15a,N/A,N/A,11
product,574,ao-3336,N/A,N/A,11
product,575,s2665,N/A,N/A,11
product,576,ao-3336,N/A,N/A,11
product,577,ao-3339,N/A,N/A,11
product,578,311-l6,N/A,N/A,3
product,579,hs-16,N/A,N/A,3
product,580,hs-4,N/A,N/A,3
product,581,hs-3,N/A,N/A,3
product,582,dc106-24,N/A,N/A,4
product,583,h8043,N/A,N/A,4
product,584,y-103,N/A,N/A,4
product,585,2001-15,N/A,N/A,4
product,586,2001-19,N/A,N/A,4
product,587,888-754,N/A,N/A,4
product,588,888-567,N/A,N/A,4
product,589,2093-192,N/A,N/A,4
product,590,700-32,N/A,N/A,5
product,591,700-32,N/A,N/A,5
product,592,700-32,N/A,N/A,5
product,593,2232-4,N/A,N/A,5
product,594,2232-b1,N/A,N/A,5
product,595,1007-25,N/A,N/A,5
product,596,3375-1,N/A,N/A,5
product,597,0728-1,N/A,N/A,5
product,598,235-16,N/A,N/A,5
product,599,bl-hs2,N/A,N/A,5
product,600,bl-hs9,N/A,N/A,5
product,601,3113-3,N/A,N/A,7
product,602,hs-152,N/A,N/A,7
product,603,hs-083,N/A,N/A,1
product,604,hs-095,N/A,N/A,1
product,605,908-8,N/A,N/A,1
product,606,488-8,N/A,N/A,1
product,607,9081-2,N/A,N/A,1
product,608,998-8,N/A,N/A,1
product,609,70-78,N/A,N/A,1
product,610,sr86,N/A,N/A,1
product,611,sr117,N/A,N/A,1
product,612,13-325-3,N/A,N/A,1
product,613,13-325-2,N/A,N/A,1
product,614,591-10,N/A,N/A,2
product,615,2001-10,N/A,N/A,2
product,616,625-2,N/A,N/A,2
product,617,xy-41,N/A,N/A,2
product,618,591-9,N/A,N/A,2
product,619,625-9,N/A,N/A,2
product,620,2001-3,N/A,N/A,2
product,621,2332q-11,N/A,N/A,2
product,622,hs-8,N/A,N/A,2
product,623,hs25-1,N/A,N/A,2
product,624,1266-3,N/A,N/A,2
product,625,3123-3,N/A,N/A,2
product,626,9918-1,N/A,N/A,2
product,627,3002-4,N/A,N/A,2
product,628,hs26-47,N/A,N/A,2
product,629,625-8,N/A,N/A,2
product,630,h247,N/A,N/A,2
product,631,8033-17,N/A,N/A,2
product,632,a2210,N/A,N/A,2
product,633,4620-a,N/A,N/A,36
product,634,h009,N/A,N/A,13
product,635,8832q-42,N/A,N/A,19
product,636,h001,N/A,N/A,22
product,637,h013,N/A,N/A,12
product,638,c395,N/A,N/A,33
product,639,h017,N/A,N/A,38
product,640,67-716-1,N/A,N/A,14
product,641,ky5,N/A,N/A,5
product,642,53-722-2,N/A,N/A,5
product,643,1638q-122,N/A,N/A,42
product,644,hs-5,N/A,N/A,42
product,645,hs-5,N/A,N/A,42
product,646,2023-7,N/A,N/A,42
product,647,jm880-6,N/A,N/A,42
product,648,6929-f4,N/A,N/A,42
product,649,328-2,N/A,N/A,42
product,650,2530-2a,N/A,N/A,42
product,651,b2013,N/A,N/A,42
product,652,a2013,N/A,N/A,42
product,653,a6603,N/A,N/A,42
product,654,c6603,N/A,N/A,42
product,655,b6603,N/A,N/A,42
product,656,hhss-95,N/A,N/A,42
product,657,629-64,N/A,N/A,42
product,658,jm2206-202,N/A,N/A,42
product,659,q-52a,N/A,N/A,42
product,660,9815-22,N/A,N/A,42
product,661,3603-1,N/A,N/A,42
product,662,8551-1a,N/A,N/A,42
product,663,9318-6,N/A,N/A,42
product,664,9318-6,N/A,N/A,42
product,665,a0-2004,N/A,N/A,42
product,666,q14,N/A,N/A,42
product,667,h8-29,N/A,N/A,43
product,668,300-10a,N/A,N/A,43
product,669,300-10a,N/A,N/A,43
product,670,hhss-92,N/A,N/A,43
product,671,a0-2010,N/A,N/A,43
product,672,980-10,N/A,N/A,43
product,673,l822-10,N/A,N/A,43
product,674,319-2,N/A,N/A,43
product,675,319-2,N/A,N/A,43
product,676,319-1,N/A,N/A,43
product,677,hs-116,N/A,N/A,43
product,678,0325-13,N/A,N/A,43
product,679,0325-13,N/A,N/A,43
product,680,06h-1,N/A,N/A,43
product,681,435-3,N/A,N/A,28
product,682,zc1-6,N/A,N/A,12
product,683,666-9,N/A,N/A,16
product,684,5693-12,N/A,N/A,22
product,685,g01,N/A,N/A,18
product,686,h232,N/A,N/A,26
product,687,h232-1,N/A,N/A,28
product,688,67-630-3,N/A,N/A,29
product,689,hs-144,N/A,N/A,29
product,690,67-629-4,N/A,N/A,18
product,691,hs-70,N/A,N/A,43
product,692,hs-71,N/A,N/A,43
product,693,y-1098,N/A,N/A,43
product,694,hs-25,N/A,N/A,43
product,695,1688-51,N/A,N/A,43
product,696,b6052,N/A,N/A,43
product,697,b5752,N/A,N/A,43
product,698,b8026,N/A,N/A,43
product,699,06h-1,N/A,N/A,43
product,700,0325-13,N/A,N/A,43
product,701,hs-116,N/A,N/A,43
product,702,319-2,N/A,N/A,43
product,703,319-1,N/A,N/A,43
product,704,980-10,N/A,N/A,43
product,705,l822-10,N/A,N/A,43
product,706,a0-2010,N/A,N/A,43
product,707,hhss-92,N/A,N/A,43
product,708,300-10a,N/A,N/A,43
product,709,h8-29,N/A,N/A,43
product,710,hs-89,N/A,N/A,44
product,711,f5010,N/A,N/A,44
product,712,y-221,N/A,N/A,44
product,713,y-11a,N/A,N/A,44
product,714,rm6018-28,N/A,N/A,44
product,715,318-v1,N/A,N/A,44
product,716,9049-21,N/A,N/A,44
product,717,7201-3,N/A,N/A,44
product,718,666-8,N/A,N/A,44
product,719,0137-1,N/A,N/A,44
product,720,f-270,N/A,N/A,44
product,721,c2013,N/A,N/A,44
product,722,b6052,N/A,N/A,44
product,723,m1335b,N/A,N/A,44
product,724,5301-14,N/A,N/A,44
product,725,2755-40,N/A,N/A,44
product,726,jm658-211,N/A,N/A,44
product,727,jm3502-79,N/A,N/A,44
product,728,jm880-1,N/A,N/A,44
product,729,hs2026-18,N/A,N/A,44
product,730,h209,N/A,N/A,44
product,731,h209,N/A,N/A,44
product,732,h237,N/A,N/A,44
product,733,9292-1,N/A,N/A,44
product,734,hs-2,N/A,N/A,44
product,735,1638h-1,N/A,N/A,44
product,736,545-26,N/A,N/A,47
product,737,1457-43,N/A,N/A,47
product,738,724-2,N/A,N/A,47
product,739,606,N/A,N/A,47
product,740,h246,N/A,N/A,47
product,741,hs26-25,N/A,N/A,47
product,742,h248,N/A,N/A,47
product,743,hs25-54,N/A,N/A,47
product,744,310-c1,N/A,N/A,47
product,745,m215-8,N/A,N/A,47
product,746,hs-19,N/A,N/A,47
product,747,2193-57,N/A,N/A,47
product,748,h-11,N/A,N/A,47
product,749,q-45,N/A,N/A,47
product,750,jq123,N/A,N/A,47
product,751,jq28-5,N/A,N/A,47
product,752,y-95a,N/A,N/A,47
product,753,1950-3,N/A,N/A,47
product,754,jm3502,N/A,N/A,47
product,755,jm3502-203,N/A,N/A,47
product,756,jq28-5,N/A,N/A,46
product,757,160-5,N/A,N/A,46
product,758,rm6018-28,N/A,N/A,46
product,759,d-8,N/A,N/A,46
product,760,310-b4,N/A,N/A,46
product,761,310-b5,N/A,N/A,46
product,762,1311-47b,N/A,N/A,46
product,763,603-113,N/A,N/A,46
product,764,hs-120,N/A,N/A,46
product,765,h201,N/A,N/A,46
product,766,609-3,N/A,N/A,46
product,767,hs-15,N/A,N/A,46
product,768,hs25-58,N/A,N/A,46
product,769,hs25-58,N/A,N/A,46
product,770,403-10,N/A,N/A,46
product,771,33409-11,N/A,N/A,46
product,772,865-81,N/A,N/A,46
product,773,865-81,N/A,N/A,46
product,774,5101-63,N/A,N/A,46
product,775,s31,N/A,N/A,46
product,776,3115-7,N/A,N/A,46
product,777,0732-3,N/A,N/A,46
product,778,072-3,N/A,N/A,46
product,779,545-114,N/A,N/A,46
product,780,1457-57,N/A,N/A,45
product,781,a089,N/A,N/A,45
product,782,a809,N/A,N/A,45
product,783,s2,N/A,N/A,45
product,784,h220,N/A,N/A,45
product,785,1688-53,N/A,N/A,45
product,786,6801,N/A,N/A,45
product,787,b-463,N/A,N/A,45
product,788,jm598-2,N/A,N/A,45
product,789,9-528-2,N/A,N/A,45
product,790,418-2,N/A,N/A,45
product,791,f1363a,N/A,N/A,45
product,792,hhss-93,N/A,N/A,45
product,793,9627q-11,N/A,N/A,45
product,794,0325-35a,N/A,N/A,48
product,795,0325-23,N/A,N/A,48
product,796,0325-46,N/A,N/A,48
product,797,hs26-44,N/A,N/A,48
product,798,536-85,N/A,N/A,48
product,799,f-262,N/A,N/A,48
product,800,300-1,N/A,N/A,48
product,801,750-1,N/A,N/A,48
product,802,186-1,N/A,N/A,48
product,803,hs26-8,N/A,N/A,48
product,804,hhss-68,N/A,N/A,48
product,805,310-p4,N/A,N/A,48
product,806,9-1213-1,N/A,N/A,48
product,807,9-1223-1,N/A,N/A,48
product,808,a0-2017,N/A,N/A,48
product,809,a0-2006,N/A,N/A,48
product,810,a0-2002,N/A,N/A,48
product,811,f661,N/A,N/A,48
product,812,hs-26,N/A,N/A,49
product,813,hs-36,N/A,N/A,49
product,814,735-93,N/A,N/A,49
product,815,a0-2005,N/A,N/A,49
product,816,1318-k,N/A,N/A,49
product,817,6-512-3,N/A,N/A,49
product,818,9310-a32,N/A,N/A,49
product,819,hs25-80,N/A,N/A,49
product,820,d32-90,N/A,N/A,49
product,821,3603-3,N/A,N/A,49
product,822,hs26-49,N/A,N/A,49
product,823,8989-27,N/A,N/A,49
product,824,0325-51,N/A,N/A,49
product,825,2218-1,N/A,N/A,49
product,826,2218-2,N/A,N/A,49
product,827,s21,N/A,N/A,49
product,828,a8600-3,N/A,N/A,50
product,829,hhss-66,N/A,N/A,50
product,830,6686-c2,N/A,N/A,50
product,831,pc923-1,N/A,N/A,50
product,832,hhss-66,N/A,N/A,50
product,833,hhss-66,N/A,N/A,50
product,834,325-301,N/A,N/A,50
product,835,1800-97,N/A,N/A,50
product,836,601-6,N/A,N/A,50
product,837,3409-5-5,N/A,N/A,50
product,838,a0-2015,N/A,N/A,50
product,839,hs25-51,N/A,N/A,50
product,840,hs25-79,N/A,N/A,50
product,841,hs25-26,N/A,N/A,50
product,842,629-63,N/A,N/A,50
product,843,1398-302a,N/A,N/A,50
product,844,f-264,N/A,N/A,50
product,845,6-509-1,N/A,N/A,50
product,846,hs26-15,N/A,N/A,50
product,847,h246,N/A,N/A,50
product,848,hs26-15,N/A,N/A,50
product,849,696-6,N/A,N/A,50
product,850,11j-2,N/A,N/A,50
product,851,929-1,N/A,N/A,50
product,852,ky2,N/A,N/A,51
product,853,dn1351-12,N/A,N/A,51
product,854,1457-50,N/A,N/A,51
product,855,q18,N/A,N/A,51
product,856,a01,N/A,N/A,51
product,857,hs25-35,N/A,N/A,51
product,858,jm598-1,N/A,N/A,51
product,859,hs-24,N/A,N/A,51
product,860,hs-6,N/A,N/A,51
product,861,f1363b,N/A,N/A,51
product,862,629-13,N/A,N/A,51
product,863,5600-1,N/A,N/A,51
product,864,hhss-85,N/A,N/A,51
product,865,1628-167,N/A,N/A,51
product,866,250-5,N/A,N/A,51
product,867,hs-134,N/A,N/A,51
product,868,8832q-17,N/A,N/A,52
product,869,dn-308,N/A,N/A,52
product,870,666-10,N/A,N/A,52
product,871,2457-d,N/A,N/A,52
product,872,1291-1,N/A,N/A,52
product,873,81009-11,N/A,N/A,52
product,874,81009-11,N/A,N/A,52
product,875,81009-11,N/A,N/A,52
product,876,81009-11,N/A,N/A,52
product,877,pc268-3,N/A,N/A,52
product,878,hhss-69,N/A,N/A,52
product,879,m1335e,N/A,N/A,52
product,880,186-2,N/A,N/A,52
product,881,m1335e,N/A,N/A,52
product,882,669-6,N/A,N/A,52
product,883,853-15,N/A,N/A,52
product,884,m215-9,N/A,N/A,52
product,885,jm6088-911p,N/A,N/A,52
product,886,hs25-12,N/A,N/A,52
product,887,1457-40,N/A,N/A,52
product,888,5605,N/A,N/A,52
product,889,hs-1,N/A,N/A,52
product,890,h222,N/A,N/A,53
product,891,11-521-7,N/A,N/A,53
product,892,a04,N/A,N/A,53
product,893,a04,N/A,N/A,53
product,894,hs2026-10,N/A,N/A,53
product,895,6929-7a,N/A,N/A,53
product,896,jm3505-z,N/A,N/A,53
product,897,3649-3,N/A,N/A,53
product,898,hs26-50,N/A,N/A,53
product,899,h236,N/A,N/A,53
product,900,e-31,N/A,N/A,53
product,901,311-l1,N/A,N/A,53
product,902,1029-3,N/A,N/A,53
product,903,1800-77,N/A,N/A,53
product,904,1800-75,N/A,N/A,53
product,905,hhss-75,N/A,N/A,53
product,906,1628-2,N/A,N/A,53
product,907,s30,N/A,N/A,53
product,908,h001,N/A,N/A,53
product,909,s4,N/A,N/A,53
product,910,8832q-15,N/A,N/A,53
product,911,67762-22,N/A,N/A,54
product,912,2777-hc2501-6,N/A,N/A,54
product,913,6929-30,N/A,N/A,54
product,914,hs2026-23,N/A,N/A,54
product,915,hs2026-23,N/A,N/A,54
product,916,6-505-1,N/A,N/A,54
product,917,962-123,N/A,N/A,54
product,918,6-315-1,N/A,N/A,54
product,919,6-1229-1,N/A,N/A,54
product,920,5677-2b,N/A,N/A,54
product,921,67762-2,N/A,N/A,54
product,922,629-15,N/A,N/A,54
product,923,629-38,N/A,N/A,54
product,924,hhss-90,N/A,N/A,54
product,925,7201-13,N/A,N/A,55
product,926,hhss-83,N/A,N/A,55
product,927,629-66,N/A,N/A,55
product,928,752-25,N/A,N/A,55
product,929,300-7a,N/A,N/A,55
product,930,318-a293,N/A,N/A,55
product,931,hs25-64,N/A,N/A,55
product,932,a0-2013,N/A,N/A,55
product,933,2-328-4,N/A,N/A,55
product,934,595-96,N/A,N/A,55
product,935,hs2026-15,N/A,N/A,55
product,936,hs2026-18,N/A,N/A,55
product,937,2-608-4,N/A,N/A,55
product,938,6-510-5,N/A,N/A,55
product,939,b-20a,N/A,N/A,55
product,940,hs25-85,N/A,N/A,55
product,941,hs25-3,N/A,N/A,55
product,942,126-8,N/A,N/A,55
product,943,126-8,N/A,N/A,55
product,944,h206,N/A,N/A,55
product,945,h205,N/A,N/A,55
product,946,r-23,N/A,N/A,55
product,947,dn616-k1,N/A,N/A,55
product,948,yd2,N/A,N/A,55
product,949,h002,N/A,N/A,55
product,950,x310-1,N/A,N/A,56
product,951,r-21,N/A,N/A,56
product,952,3401q-45,N/A,N/A,56
product,953,5693-5,N/A,N/A,56
product,954,5693-1,N/A,N/A,56
product,955,h259,N/A,N/A,56
product,956,5h-6,N/A,N/A,56
product,957,603-108,N/A,N/A,56
product,958,hs25-60,N/A,N/A,56
product,959,hs25-40,N/A,N/A,56
product,960,a0-2011,N/A,N/A,56
product,961,f5405,N/A,N/A,56
product,962,jm3502,N/A,N/A,56
product,963,jm3502-46,N/A,N/A,56
product,964,300-8e,N/A,N/A,56
product,965,g300-8c,N/A,N/A,56
product,966,hhss-71,N/A,N/A,56
product,967,hhss-91,N/A,N/A,56
product,968,hhss-63,N/A,N/A,56
product,969,333-10,N/A,N/A,56
product,970,1800-3,N/A,N/A,57
product,971,629-18,N/A,N/A,57
product,972,222-1,N/A,N/A,57
product,973,222-2,N/A,N/A,57
product,974,hs-15,N/A,N/A,57
product,975,hs-15,N/A,N/A,57
product,976,325-c1,N/A,N/A,57
product,977,hs-27,N/A,N/A,57
product,978,a0-2002,N/A,N/A,57
product,979,hs-79,N/A,N/A,57
product,980,2007-7,N/A,N/A,57
product,981,6677-15,N/A,N/A,57
product,982,67762-6,N/A,N/A,57
product,983,b-889,N/A,N/A,57
product,984,r300-8,N/A,N/A,57
product,985,x310-1,N/A,N/A,57
product,986,x310-1,N/A,N/A,57
product,987,1457-42,N/A,N/A,58
product,988,512-21,N/A,N/A,58
product,989,8830q-185,N/A,N/A,58
product,990,s57,N/A,N/A,58
product,991,8832h-1,N/A,N/A,58
product,992,471-16-1,N/A,N/A,58
product,993,2457-19,N/A,N/A,58
product,994,h262,N/A,N/A,58
product,995,670-2,N/A,N/A,58
product,996,jn-998,N/A,N/A,58
product,997,hs25-84,N/A,N/A,58
product,998,jm6088-913,N/A,N/A,58
product,999,hs26-18,N/A,N/A,58
product,1000,h204,N/A,N/A,58
product,1001,a-08,N/A,N/A,58
product,1002,jm658-210,N/A,N/A,58
product,1003,jm918-2,N/A,N/A,58
product,1004,555-104,N/A,N/A,58
product,1005,555-104,N/A,N/A,58
product,1006,jm3502-38,N/A,N/A,58
product,1007,hs-1218,N/A,N/A,58
product,1008,97356-a2,N/A,N/A,58
product,1009,629-56,N/A,N/A,58
product,1010,629-56,N/A,N/A,58
product,1011,hs-57,N/A,N/A,59
product,1012,333-9,N/A,N/A,59
product,1013,333-10,N/A,N/A,59
product,1014,311-l9,N/A,N/A,59
product,1015,hhss-87,N/A,N/A,59
product,1016,3387-6,N/A,N/A,59
product,1017,9-1228-3,N/A,N/A,59
product,1018,2-328-1,N/A,N/A,59
product,1019,6472-4,N/A,N/A,59
product,1020,3967-1,N/A,N/A,59
product,1021,3967-1,N/A,N/A,59
product,1022,hs-11,N/A,N/A,59
product,1023,668-31,N/A,N/A,59
product,1024,3023-2,N/A,N/A,59
product,1025,9-624-1,N/A,N/A,59
product,1026,5168-16,N/A,N/A,59
product,1027,h243,N/A,N/A,59
product,1028,12x-1,N/A,N/A,59
product,1029,735-1,N/A,N/A,59
product,1030,735-1,N/A,N/A,59
product,1031,l300-7,N/A,N/A,59
product,1032,545-140,N/A,N/A,59
product,1033,y750-8,N/A,N/A,60
product,1034,dlb2026-3,N/A,N/A,60
product,1035,1457-56,N/A,N/A,60
product,1036,1457-56,N/A,N/A,60
product,1037,bl-hs10,N/A,N/A,60
product,1038,1457-41,N/A,N/A,60
product,1039,12315-4,N/A,N/A,60
product,1040,a0-2021,N/A,N/A,60
product,1041,a0-2012,N/A,N/A,60
product,1042,5-1,N/A,N/A,60
product,1043,jm2206-100,N/A,N/A,60
product,1044,hhss-73,N/A,N/A,60
product,1045,696-3,N/A,N/A,60
product,1046,629-18,N/A,N/A,60
product,1047,629-14,N/A,N/A,61
product,1048,629-13,N/A,N/A,61
product,1049,629-56,N/A,N/A,61
product,1050,629-53,N/A,N/A,61
product,1051,629-9,N/A,N/A,61
product,1052,629-50,N/A,N/A,61
product,1053,629-27,N/A,N/A,61
product,1054,hs-17,N/A,N/A,61
product,1055,6686-6q,N/A,N/A,61
product,1056,24-95,N/A,N/A,61
product,1057,jn-992,N/A,N/A,61
product,1058,hs26-22,N/A,N/A,61
product,1059,hs26-22,N/A,N/A,61
product,1060,534-5,N/A,N/A,61
product,1061,jm8553-1,N/A,N/A,61
product,1062,hs25-69,N/A,N/A,61
product,1063,jm3608,N/A,N/A,61
product,1064,jm598-6,N/A,N/A,61
product,1065,h221,N/A,N/A,61
product,1066,888-712,N/A,N/A,61
product,1067,625-1,N/A,N/A,61
product,1068,ve6-4,N/A,N/A,61
product,1069,355-b1,N/A,N/A,61
product,1070,251-27,N/A,N/A,61
product,1071,05h-3,N/A,N/A,61
product,1072,hs-110,N/A,N/A,61
product,1073,1457-37,N/A,N/A,61
product,1074,s34,N/A,N/A,61
product,1075,8837-69,N/A,N/A,61
product,1076,8837-69,N/A,N/A,61
product,1077,h008,N/A,N/A,62
product,1078,0325-40,N/A,N/A,62
product,1079,n-84,N/A,N/A,62
product,1080,7201-8,N/A,N/A,62
product,1081,7201-8,N/A,N/A,62
product,1082,h234,N/A,N/A,62
product,1083,9-624-2,N/A,N/A,62
product,1084,hw2777-10a,N/A,N/A,62
product,1085,hs26-30,N/A,N/A,62
product,1086,hs26-37,N/A,N/A,62
product,1087,hs26-24,N/A,N/A,62
product,1088,311-l4,N/A,N/A,62
product,1089,h378-1,N/A,N/A,62
product,1090,h378-1,N/A,N/A,62
product,1091,877,N/A,N/A,62
product,1092,311-l4,N/A,N/A,62
product,1093,1318-p,N/A,N/A,62
product,1094,f5239,N/A,N/A,62
product,1095,hhss-65,N/A,N/A,62
product,1096,629-9,N/A,N/A,62
product,1097,8600-28,N/A,N/A,62
product,1098,h-s-1,N/A,N/A,62
product,1099,ao-2819,N/A,N/A,65
product,1100,ao-2044,N/A,N/A,65
product,1101,ao-3305,N/A,N/A,65
product,1102,ao-2836,N/A,N/A,65
product,1103,ao-2561,N/A,N/A,65
product,1104,319-h1,N/A,N/A,65
product,1105,1318-f,N/A,N/A,65
product,1106,8-1205-2,N/A,N/A,65
product,1107,m1335a,N/A,N/A,65
product,1108,hs26-16,N/A,N/A,65
product,1109,hs6-24,N/A,N/A,65
product,1110,hs-72,N/A,N/A,65
product,1111,5615,N/A,N/A,65
product,1112,2777-z9,N/A,N/A,65
product,1113,y300-7,N/A,N/A,65
product,1114,h003,N/A,N/A,65
product,1115,h018,N/A,N/A,64
product,1116,y300-8,N/A,N/A,64
product,1117,8986-s5,N/A,N/A,64
product,1118,8986-s5,N/A,N/A,64
product,1119,1457-34,N/A,N/A,64
product,1120,hs-145,N/A,N/A,64
product,1121,0325-58,N/A,N/A,64
product,1122,0137-2,N/A,N/A,64
product,1123,hs26-26,N/A,N/A,64
product,1124,198-1,N/A,N/A,64
product,1125,5693-3,N/A,N/A,64
product,1126,2-321-1,N/A,N/A,64
product,1127,a309-1,N/A,N/A,64
product,1128,a309-2,N/A,N/A,64
product,1129,hhss-77,N/A,N/A,64
product,1130,1800-98,N/A,N/A,64
product,1131,629-52,N/A,N/A,64
product,1132,1800-32,N/A,N/A,64
product,1133,ao-2819,N/A,N/A,64
product,1134,ao-2045,N/A,N/A,64
product,1135,ao-3305,N/A,N/A,64
product,1136,ao-2836,N/A,N/A,64
product,1137,ao-5321,N/A,N/A,64
product,1138,0935-17,N/A,N/A,63
product,1139,hc9116-3,N/A,N/A,63
product,1140,1457-45,N/A,N/A,63
product,1141,02y-2,N/A,N/A,63
product,1142,hs6-20,N/A,N/A,63
product,1143,2-410-2,N/A,N/A,63
product,1144,hs26-41,N/A,N/A,63
product,1145,11887,N/A,N/A,63
product,1146,126-23,N/A,N/A,63
product,1147,310-b5,N/A,N/A,63
product,1148,hhss-104,N/A,N/A,63
product,1149,hhss-74,N/A,N/A,63
product,1150,629-12,N/A,N/A,63
product,1151,ao-3339,N/A,N/A,63
product,1152,ao-2832,N/A,N/A,63
product,1153,ao-3336,N/A,N/A,63
product,1154,ao-2569,N/A,N/A,63
product,1155,ao-5321,N/A,N/A,63
product,1156,ao-3317,N/A,N/A,63
product,1157,ao-2836,N/A,N/A,63
product,1158,1003-3,N/A,N/A,66
product,1159,1457-52,N/A,N/A,66
product,1160,700-61,N/A,N/A,66
product,1161,126-19,N/A,N/A,66
product,1162,hs25-6,N/A,N/A,66
product,1163,l822-10,N/A,N/A,66
product,1164,a309-3,N/A,N/A,66
product,1165,h250,N/A,N/A,66
product,1166,a0-2014,N/A,N/A,66
product,1167,a0-2014,N/A,N/A,66
product,1168,l0066,N/A,N/A,66
product,1169,3409-5-2,N/A,N/A,66
product,1170,2232-11,N/A,N/A,66
product,1171,1300-1,N/A,N/A,66
product,1172,700-49,N/A,N/A,66
product,1173,hs-014,N/A,N/A,66
product,1174,hs-17,N/A,N/A,66
product,1175,l941,N/A,N/A,67
product,1176,700-50,N/A,N/A,67
product,1177,p-318,N/A,N/A,67
product,1178,a0-2007,N/A,N/A,67
product,1179,a0-2007,N/A,N/A,67
product,1180,xh309-v,N/A,N/A,67
product,1181,h8-74,N/A,N/A,67
product,1182,hs25-83,N/A,N/A,67
product,1183,bl-hs7,N/A,N/A,67
product,1184,bl-hs6,N/A,N/A,67
product,1185,bl-hs6,N/A,N/A,67
product,1186,2299-1,N/A,N/A,67
product,1187,1457-36,N/A,N/A,67
product,1188,1457-15,N/A,N/A,67
product,1189,dn1353-11,N/A,N/A,67
product,1190,dlb2026-1,N/A,N/A,67
product,1191,dn590-1,N/A,N/A,67
product,1192,9155-3,N/A,N/A,67
product,1193,2218-15,N/A,N/A,67
product,1194,899-2,N/A,N/A,68
product,1195,01x-3,N/A,N/A,68
product,1196,02y-2,N/A,N/A,68
product,1197,02y-2,N/A,N/A,68
product,1198,735-7,N/A,N/A,68
product,1199,28-611-3,N/A,N/A,68
product,1200,1873,N/A,N/A,68
product,1201,1873,N/A,N/A,68
product,1202,1868,N/A,N/A,68
product,1203,h208,N/A,N/A,68
product,1204,617-5,N/A,N/A,68
product,1205,h207,N/A,N/A,68
product,1206,1688-52,N/A,N/A,68
product,1207,hs26-35,N/A,N/A,68
product,1208,328-4,N/A,N/A,68
product,1209,s1,N/A,N/A,68
product,1210,9042-1,N/A,N/A,68
product,1211,629-16,N/A,N/A,68
product,1212,629-16,N/A,N/A,68
product,1213,9310-110,N/A,N/A,71
product,1214,8600-12,N/A,N/A,71
product,1215,1007-60,N/A,N/A,71
product,1216,331-20a,N/A,N/A,71
product,1217,y-141,N/A,N/A,71
product,1218,q88-91,N/A,N/A,71
product,1219,q88-91,N/A,N/A,71
product,1220,xh309-w,N/A,N/A,71
product,1221,1800-24,N/A,N/A,71
product,1222,3840-1a,N/A,N/A,71
product,1223,1630-2,N/A,N/A,71
product,1224,545-86,N/A,N/A,71
product,1225,hs26-34,N/A,N/A,71
product,1226,126-28,N/A,N/A,71
product,1227,80008-8a,N/A,N/A,71
product,1228,01x-2,N/A,N/A,71
product,1229,hs-136,N/A,N/A,71
product,1230,hs-13,N/A,N/A,71
product,1231,1870,N/A,N/A,71
product,1232,1457-35,N/A,N/A,71
product,1233,1457-40,N/A,N/A,71
product,1234,1457-55,N/A,N/A,71
product,1235,y328,N/A,N/A,71
product,1236,11-377-1,N/A,N/A,70
product,1237,545-26a,N/A,N/A,70
product,1238,1748-19,N/A,N/A,70
product,1239,1457-9,N/A,N/A,70
product,1240,h-1,N/A,N/A,70
product,1241,b57-3,N/A,N/A,70
product,1242,yz2,N/A,N/A,70
product,1243,g1447,N/A,N/A,70
product,1244,m213-1,N/A,N/A,70
product,1245,126-17,N/A,N/A,70
product,1246,126-24,N/A,N/A,70
product,1247,yl69,N/A,N/A,70
product,1248,hs25-62,N/A,N/A,70
product,1249,hs26-28,N/A,N/A,70
product,1250,126-20,N/A,N/A,70
product,1251,126-20,N/A,N/A,70
product,1252,h568-5,N/A,N/A,70
product,1253,7288e-3,N/A,N/A,70
product,1254,13-325-4,N/A,N/A,70
product,1255,410-9,N/A,N/A,70
product,1256,6-412-1,N/A,N/A,70
product,1257,y-311a,N/A,N/A,70
product,1258,368-2,N/A,N/A,70
product,1259,3123-7,N/A,N/A,70
product,1260,t8471-101,N/A,N/A,70
product,1261,h1628-120,N/A,N/A,70
product,1262,h1628-118,N/A,N/A,70
product,1263,h1628-119,N/A,N/A,70
product,1264,h1628-121,N/A,N/A,70
product,1265,9042-7w,N/A,N/A,69
product,1266,380-8,N/A,N/A,69
product,1267,1800-56,N/A,N/A,69
product,1268,3409-5,N/A,N/A,69
product,1269,a0-2022,N/A,N/A,69
product,1270,hs26-46,N/A,N/A,69
product,1271,hs26-43,N/A,N/A,69
product,1272,hs25-30,N/A,N/A,69
product,1273,hs26-13,N/A,N/A,69
product,1274,126-7b,N/A,N/A,69
product,1275,126-6a,N/A,N/A,69
product,1276,700-40,N/A,N/A,69
product,1277,sy8-1,N/A,N/A,69
product,1278,mc087-e,N/A,N/A,69
product,1279,2299-15,N/A,N/A,69
product,1280,5601,N/A,N/A,69
product,1281,9672-14,N/A,N/A,69
product,1282,3169-4,N/A,N/A,69
product,1283,g1446,N/A,N/A,69
product,1284,h245,N/A,N/A,72
product,1285,hs26-9,N/A,N/A,72
product,1286,380-9,N/A,N/A,72
product,1287,7100-5,N/A,N/A,72
product,1288,232-11a,N/A,N/A,72
product,1289,h255,N/A,N/A,72
product,1290,hs-14,N/A,N/A,72
product,1291,63023-f9,N/A,N/A,72
product,1292,1109-1,N/A,N/A,72
product,1293,22113-46,N/A,N/A,72
product,1294,629-55,N/A,N/A,72
product,1295,629-11,N/A,N/A,73
product,1296,jm2528-1,N/A,N/A,73
product,1297,33149-9,N/A,N/A,73
product,1298,hs-119,N/A,N/A,73
product,1299,1800-3,N/A,N/A,73
product,1300,9310-64,N/A,N/A,73
product,1301,7100-2,N/A,N/A,73
product,1302,7100-2,N/A,N/A,73
product,1303,hs26-12,N/A,N/A,73
product,1304,1445-1,N/A,N/A,73
product,1305,dn3023-k118,N/A,N/A,73
product,1306,1872,N/A,N/A,73
product,1307,dn3023-k118,N/A,N/A,73
product,1308,21835-14,N/A,N/A,73
product,1309,3023-1,N/A,N/A,73
product,1310,13-1228-3,N/A,N/A,73
product,1311,h015,N/A,N/A,73
product,1312,hs6-23,N/A,N/A,73
product,1313,jm880-3,N/A,N/A,73
product,1314,f-5,N/A,N/A,73
product,1315,jm880-3,N/A,N/A,73
product,1316,n-77,N/A,N/A,73
product,1317,n-102,N/A,N/A,73
product,1318,hs-108,N/A,N/A,74
product,1319,8583q-10,N/A,N/A,74
product,1320,7201-6,N/A,N/A,74
product,1321,hs-118,N/A,N/A,74
product,1322,2901-42,N/A,N/A,74
product,1323,1109-2,N/A,N/A,74
product,1324,1109-3,N/A,N/A,74
product,1325,8-1205-3,N/A,N/A,74
product,1326,2081-31,N/A,N/A,74
product,1327,hs-126,N/A,N/A,74
product,1328,13-328-1,N/A,N/A,74
product,1329,13-328-1,N/A,N/A,74
product,1330,hs26-3,N/A,N/A,74
product,1331,jm3502-66,N/A,N/A,74
product,1332,jm3502-66,N/A,N/A,74
product,1333,t5012-9,N/A,N/A,74
product,1334,hs-9,N/A,N/A,74
product,1335,11-761-1,N/A,N/A,13
product,1336,jm302-1,N/A,N/A,15
product,1337,314-3,N/A,N/A,70
product,1338,2457-f,N/A,N/A,38
product,1339,hs2026-26,N/A,N/A,10
product,1340,hs2026-20,N/A,N/A,10
product,1341,hs2026-10,N/A,N/A,10
product,1342,hs2026-25,N/A,N/A,10
product,1343,609-1,N/A,N/A,10
product,1344,f-89,N/A,N/A,10
product,1345,d005,N/A,N/A,9
product,1346,d005,N/A,N/A,9
product,1347,d004,N/A,N/A,9
product,1348,25313-1,N/A,N/A,9
product,1349,545-60b,N/A,N/A,9
product,1350,2204-42,N/A,N/A,9
product,1351,301-4,N/A,N/A,13
product,1352,426-29,N/A,N/A,13
product,1353,13-325-3,N/A,N/A,12
product,1354,hs-42,N/A,N/A,75
product,1355,hs-42,N/A,N/A,75
product,1356,zl2956,N/A,N/A,75
product,1357,zl2956,N/A,N/A,75
product,1358,yld-08,N/A,N/A,75
product,1359,2093-137,N/A,N/A,75
product,1360,25-7,N/A,N/A,75
product,1361,1259,N/A,N/A,75
product,1362,1259,N/A,N/A,75
product,1363,1628-61,N/A,N/A,75
product,1364,311-l2,N/A,N/A,76
product,1365,de1-126,N/A,N/A,76
product,1366,hs-98,N/A,N/A,76
product,1367,2523-910,N/A,N/A,76
product,1368,dx200-39,N/A,N/A,77
product,1369,45081,N/A,N/A,77
product,1370,106-1,N/A,N/A,77
product,1371,106-1,N/A,N/A,77
product,1372,6692,N/A,N/A,77
product,1373,6692,N/A,N/A,77
product,1374,zl3083,N/A,N/A,77
product,1375,980-12,N/A,N/A,77
product,1376,y-10,N/A,N/A,77
product,1377,02y-3,N/A,N/A,77
product,1378,5-508-1,N/A,N/A,77
product,1379,yld-16,N/A,N/A,78
product,1380,s920,N/A,N/A,78
product,1381,de882-223,N/A,N/A,78
product,1382,zl2965,N/A,N/A,78
product,1383,102,N/A,N/A,78
product,1384,102,N/A,N/A,79
product,1385,165,N/A,N/A,79
product,1386,2523-999,N/A,N/A,79
product,1387,2523-905,N/A,N/A,79
product,1388,7100-1,N/A,N/A,79
product,1389,7100-3,N/A,N/A,79
product,1390,1457-13,N/A,N/A,79
product,1391,1457-6,N/A,N/A,79
product,1392,1457-29,N/A,N/A,79
product,1393,1457-14,N/A,N/A,79
product,1394,1457-12,N/A,N/A,79
product,1395,1457-20,N/A,N/A,79
product,1396,6176,N/A,N/A,80
product,1397,1259,N/A,N/A,80
product,1398,hc2313-6,N/A,N/A,80
product,1399,hs-162,N/A,N/A,80
product,1400,r-15,N/A,N/A,80
product,1401,9247-15,N/A,N/A,80
product,1402,258-3,N/A,N/A,80
product,1403,899-2b,N/A,N/A,80
product,1404,7201-6b,N/A,N/A,80
product,1405,ay-9,N/A,N/A,81
product,1406,hs-115,N/A,N/A,81
product,1407,dx202-a10,N/A,N/A,81
product,1408,590-1,N/A,N/A,81
product,1409,3320,N/A,N/A,81
product,1410,zl3013b,N/A,N/A,81
product,1411,ay-18,N/A,N/A,81
product,1412,ay-18,N/A,N/A,82
product,1413,ay-11,N/A,N/A,82
product,1414,ay-17,N/A,N/A,82
product,1415,ay-10,N/A,N/A,82
product,1416,gy0312,N/A,N/A,82
product,1417,zl2393,N/A,N/A,82
product,1418,6628,N/A,N/A,82
product,1419,hs26-36,N/A,N/A,83
product,1420,d413-176,N/A,N/A,84
product,1421,zl3099,N/A,N/A,85
product,1422,c228-1,N/A,N/A,86
product,1423,a81028,N/A,N/A,86
product,1424,f6025,N/A,N/A,86
product,1425,dq206-6,N/A,N/A,87
product,1426,zl2981,N/A,N/A,87
product,1427,dx228-a1,N/A,N/A,87
product,1428,de238-152,N/A,N/A,87
product,1429,a81050,N/A,N/A,87
product,1430,zl2981c,N/A,N/A,88
product,1431,zl3013,N/A,N/A,88
product,1432,ts6075,N/A,N/A,88
product,1433,zl3199,N/A,N/A,88
product,1434,zl3183,N/A,N/A,89
product,1435,sf2135,N/A,N/A,89
product,1436,zl3151,N/A,N/A,89
product,1437,zl2079,N/A,N/A,89
product,1438,zl2079,N/A,N/A,89
product,1439,dq125-30,N/A,N/A,89
product,1440,ts6871,N/A,N/A,89
product,1441,zl3021,N/A,N/A,89
product,1442,tf9083,N/A,N/A,89
product,1443,tf9083,N/A,N/A,89
product,1444,yld-18,N/A,N/A,90
product,1445,zl3192,N/A,N/A,90
product,1446,zl3192,N/A,N/A,90
product,1447,zl3013h,N/A,N/A,90
product,1448,zl3206,N/A,N/A,90
product,1449,zl3039,N/A,N/A,90
product,1450,2846,N/A,N/A,92
product,1451,1628-13,N/A,N/A,92
product,1452,1628-13,N/A,N/A,92
product,1453,sf2101,N/A,N/A,93
product,1454,zl3063,N/A,N/A,93
product,1455,dc300-c6,N/A,N/A,93
product,1456,s870,N/A,N/A,93
product,1457,sf2132,N/A,N/A,93
product,1458,d413-181,N/A,N/A,93
product,1459,ld1013,N/A,N/A,93
product,1460,659,N/A,N/A,94
product,1461,yld-11,N/A,N/A,94
product,1462,8860,N/A,N/A,94
product,1463,tf8353,N/A,N/A,94
product,1464,tf8353,N/A,N/A,94
product,1465,zl3189,N/A,N/A,94
product,1466,dx228-a5,N/A,N/A,95
product,1467,609,N/A,N/A,95
product,1468,a81033,N/A,N/A,95
product,1469,ts6098,N/A,N/A,95
product,1470,644-9,N/A,N/A,95
product,1471,658,N/A,N/A,95
product,1472,f1191,N/A,N/A,95
product,1473,dx200-a101,N/A,N/A,96
product,1474,106,N/A,N/A,97
product,1475,108,N/A,N/A,97
product,1476,144,N/A,N/A,97
product,1477,a81030,N/A,N/A,98
product,1478,zl3052,N/A,N/A,98
product,1479,f1196,N/A,N/A,99
product,1480,zl2992,N/A,N/A,99
product,1481,sf2110,N/A,N/A,100
product,1482,zl3038,N/A,N/A,100
product,1483,ts6071,N/A,N/A,100
product,1484,f1180,N/A,N/A,101
